,person.firstName,person.lastName,person.dateOfBirth,address.addressLine1,address.city,address.state,address.zipCode
0,Jenny, Everywhere, 11/10/1962, 63724 Ramsey Way, Dallas, TX,75246
1,Hugo, Danner, 11/12/1964, 63724 Ramsey Way, Dallas, TX,75246
2,Sibilla, Wardley, 09/01/1949, PO BOX 12112, Vail, AZ,85641
3,Oggie, Jarrel, 02/14/1951, 826 Kildeer Hl, Dayton, OH,45419
4,Winnie, Jarrel, 03/27/1952, 826 Kildeer Hl, Dayton, OH,45419
5,Lilly, Mclintock, 03/04/1972, 826 Kildeer Hl, Dayton, OH,45419
6,Freida, Marcinkus, 12/11/1997, 4 Kedzie Point, Charlotte, NC,28242
7,Raimund, Marcinkus, 09/30/1975, 4 Kedzie Point, Charlotte, NC,28242
8,Nicole, Velazquez, 06/11/1977, 4 Kedzie Point, Charlotte, NC,28242
9,Frida, Marcinkus, 12/11/1999, 4 Kedzie Point, Charlotte, NC,28242
10,Loralie, Huard, 03/06/1980, 86 Londonderry Terrace, Pasadena, CA,91125
11,Yajee, Huard, 07/04/1985, 86 Londonderry Terrace, Pasadena, CA,91125
12,Mohammed, Huard, 09/01/1937, 86 Londonderry Terrace, Pasadena, CA,91125
13,Teressa, Huard, 02/01/1977, 86 Londonderry Terrace, Pasadena, CA,91125
14,June, Huard, 09/07/1967, 86 Londonderry Terrace, Pasadena, CA,91125
15,Barton, Crumbie, 06/01/1975, 6263 Charing Cross Ct, Fort Worth, TX,76147
16,Maudie, Papaminas, 11/26/1981, 956 Oakridge Circle, Pittsburgh, PA,15235
17,Juliann, Oulner, 02/21/1990, 98301 Farmco Drive, Miami, FL,33124
18,Guy, Kleinert, 06/01/1985, 9 Bartelt Parkway, Denver, CO,80279
19,Tina, Chantrell, 10/01/1985, PO BOX 72059, Port Washington, NY,11054
20,Augustine, Chantrell, 04/02/1984, PO BOX 72059, Port Washington, NY,11054
21,Edward, Thomke, 06/04/1960, 0722 Waubesa Trl, Rochester, NY,14624
22,Elna, Thomke, 12/09/1962, 0722 Waubesa Trail, Rochester, NY,14624
23,Red, Renachowski, 09/09/1976, 77 Chinook Pt, Virginia Beach, VA,23454
24,Rubi, Renachowski, 02/07/1986, 77 Chinook Pt, Virginia Beach, VA,23454
25,Robert, Smith, 07/03/1963, 380 Morrow Terrace, Longmont, CO,80503
26,Chris, Autterson, 09/09/1960, 1295 Betty Lane, Austin, TX,73301
27,Sheri, Autterson, 08/24/1968, 1295 Betty Lane, Austin, TX,73301
28,Tyrone, Westgarth, 04/10/1993, 1295 Betty Lane, Austin, TX,73301
29,Carissa, Sharma, 04/23/1983, 1295 Betty Lane, Austin, TX,73301
30,Jefferson, Smith, 07/25/1975, 55 Main St, Dallas, TX,75204
31,Jenet, Kennedy, 06/25/1975, 55 Main St, Dallas, TX,75204
32,Carlita, Hovenden, 02/02/1954, 6730 Cottonwood Pt, Henderson, NV,89012
33,Gualterio, Hovenden, 05/07/1952, 6730 Cottonwood Pt, Henderson, NV,89012
34,Chanda, Wrate, 04/21/1966, 54687 Rieder Cir, Amarillo, TX,79171
35,Cherye, Paal, 09/09/1956, 1 Thackeray Dr, Austin, TX,78769
36,Reuven, Larenson, 07/04/1962, 8 Judy Pkwy, El Paso, TX,79989
37,Reuven, Larenson, 07/04/1962, 2187 Farragut Ave, Columbus, OH,43220
38,Gradey, Madders, 06/19/1964, 8 Toban Alley, Naperville, IL,60567
39,Fowler, Schubert, 10/28/1948, 2 Burning Wood Pt Unit 104, Palatine, IL,60078
40,Haleigh, Cotesford, 11/23/1930, 1459 Marquette Jct Apt B105, Peoria, IL,61629
41,Kyle,Murdock,05/20/1970,18595 Old Aldrin Highway,Highlands Ranch,CO,80126
42,Sharon,Murdock,12/08/1971,18595 Old Aldrin Highway,Highlands Ranch,CO,80126
43,Andy,Murdock,03/10/2006,18595 Old Aldrin Highway,Highlands Ranch,CO,80126
44,Janet,Williams,08/12/1959,5321 Red Oak Ln,Bedford Falls,AL,50613
45,Hank,Chelsea,01/07/2000,8 White Tail Rd,Hot Springs Village,AR,71909
46,Kira,Johnson,06/19/1990,134 E Santa Mesa Ct,Tempe,AZ,85282
47,Randall,Pearson,07/15/1980,643 Walden Ct,Fort Collins,CO,80126
48,Ramon,Martinez,08/15/1962,300 Williams St NE Apt 410,Washington,DC,20011
49,Ramon,Martinez,08/15/1962,12109 Oak Tree Ct,Fairfax,VA,22030
50,Erin,Martinez,10/05/1967,300 Williams St NE Apt 410,Washington,DC,20011
51,Erin,Martinez,10/05/1967,12109 Oak Tree Ct,Fairfax,VA,22030
52,Olivia,Martinez,09/15/2001,300 Williams St NE Apt 410,Washington,DC,20011
53,Olivia,Martinez,09/15/2001,12109 Oak Tree Ct,Fairfax,VA,22030
54,Arvinder,Singh,01/19/1978,1581 Eglin Way SW,Omaha,NE,68124
55,James,Dursley,10/17/1988,717 Hereford Dr,Middletown,DE,19709
56,Alia,Gabriel,10/19/1996,620 Navigation Blvd,New Castle,DE,19720
57,Amy,Nye,06/20/1957,16854 Westport Blvd,Randor,DE,19968
58,Hanna,Parmely,08/20/1998,1732 Torrey Pines St,Milton,FL,32570
59,Wyatt,Parmely,02/16/1997,1732 Torrey Pines St,Milton,FL,32570
60,Stacy,Maddow,09/12/1969,70 Belgrove St,Savannah,GA,31407
61,Ellen,Maddow,02/15/1973,70 Belgrove St,Savannah,GA,31407
62,Tim,Warren,09/23/1982,7505 Sailboat Cv,Ft Stewart,GA,31315
63,John,Hull,10/12/1968,1411 Trenton Ave NE,Grovetown,GA,30813
64,Allison,Hull,07/19/1972,1411 Trenton Ave NE,Grovetown,GA,30813
65,Chris,Lowe,05/02/1958,3920 Carter Blvd,Marinez,GA,30907
66,Bob,Simpson,10/07/1943,2515 Edgemont,Johnston,IA,50131
67,Bob,Simpson,10/07/1943,4513 W 185th St,Shawnee,Ks,66218
68,Betty,Simpson,10/20/1947,2515 Edgemont,Johnston,IA,50131
69,Betty,Simpson,10/20/1947,4513 W 185th St,Shawnee,KS,66218
70,Tilly,Franks,01/12/1940,1306 Gibson Ave,Cedar Rapids,IA,52405
71,Lauren,Daniels,06/14/1975,2910 NW Southpark Dr,Ankeny,IA,50023
72,Lauren,Daniels,06/14/1975,9711 Pioneer Trl,Glen Burnie,MD,21060
