,address.addressLine1,address.city,address.state,address.zipCode
0, 63724 Ramsey Way, Dallas, TX,75246
1, 63724 Ramsey Way, Dallas, TX,75246
2, PO BOX 12112, Vail, AZ,85641
3, 826 Kildeer Hl, Dayton, OH,45419
4, 826 Kildeer Hl, Dayton, OH,45419
5, 826 Kildeer Hl, Dayton, OH,45419
6, 4 Kedzie Point, Charlotte, NC,28242
7, 4 Kedzie Point, Charlotte, NC,28242
8, 4 Kedzie Point, Charlotte, NC,28242
9, 4 Kedzie Point, Charlotte, NC,28242
10, 86 Londonderry Terrace, Pasadena, CA,91125
11, 86 Londonderry Terrace, Pasadena, CA,91125
12, 86 Londonderry Terrace, Pasadena, CA,91125
13, 86 Londonderry Terrace, Pasadena, CA,91125
14, 86 Londonderry Terrace, Pasadena, CA,91125
15, 6263 Charing Cross Ct, Fort Worth, TX,76147
16, 956 Oakridge Circle, Pittsburgh, PA,15235
17, 98301 Farmco Drive, Miami, FL,33124
18, 9 Bartelt Parkway, Denver, CO,80279
19, PO BOX 72059, Port Washington, NY,11054
20, PO BOX 72059, Port Washington, NY,11054
21, 0722 Waubesa Trl, Rochester, NY,14624
22, 0722 Waubesa Trail, Rochester, NY,14624
23, 77 Chinook Pt, Virginia Beach, VA,23454
24, 77 Chinook Pt, Virginia Beach, VA,23454
25, 380 Morrow Terrace, Longmont, CO,80503
26, 1295 Betty Lane, Austin, TX,73301
27, 1295 Betty Lane, Austin, TX,73301
28, 1295 Betty Lane, Austin, TX,73301
29, 1295 Betty Lane, Austin, TX,73301
30, 55 Main St, Dallas, TX,75204
31, 55 Main St, Dallas, TX,75204
32, 6730 Cottonwood Pt, Henderson, NV,89012
33, 6730 Cottonwood Pt, Henderson, NV,89012
34, 54687 Rieder Cir, Amarillo, TX,79171
35, 1 Thackeray Dr, Austin, TX,78769
36, 8 Judy Pkwy, El Paso, TX,79989
37, 2187 Farragut Ave, Columbus, OH,43220
38, 8 Toban Alley, Naperville, IL,60567
39, 2 Burning Wood Pt Unit 104, Palatine, IL,60078
40, 1459 Marquette Jct Apt B105, Peoria, IL,61629
41,18595 Old Aldrin Highway,Highlands Ranch,CO,80126
42,18595 Old Aldrin Highway,Highlands Ranch,CO,80126
43,18595 Old Aldrin Highway,Highlands Ranch,CO,80126
44,5321 Red Oak Ln,Bedford Falls,AL,50613
45,8 White Tail Rd,Hot Springs Village,AR,71909
46,134 E Santa Mesa Ct,Tempe,AZ,85282
47,643 Walden Ct,Fort Collins,CO,80126
48,300 Williams St NE Apt 410,Washington,DC,20011
49,12109 Oak Tree Ct,Fairfax,VA,22030
50,300 Williams St NE Apt 410,Washington,DC,20011
51,12109 Oak Tree Ct,Fairfax,VA,22030
52,300 Williams St NE Apt 410,Washington,DC,20011
53,12109 Oak Tree Ct,Fairfax,VA,22030
54,1581 Eglin Way SW,Omaha,NE,68124
55,717 Hereford Dr,Middletown,DE,19709
56,620 Navigation Blvd,New Castle,DE,19720
57,16854 Westport Blvd,Randor,DE,19968
58,1732 Torrey Pines St,Milton,FL,32570
59,1732 Torrey Pines St,Milton,FL,32570
60,70 Belgrove St,Savannah,GA,31407
61,70 Belgrove St,Savannah,GA,31407
62,7505 Sailboat Cv,Ft Stewart,GA,31315
63,1411 Trenton Ave NE,Grovetown,GA,30813
64,1411 Trenton Ave NE,Grovetown,GA,30813
65,3920 Carter Blvd,Marinez,GA,30907
66,2515 Edgemont,Johnston,IA,50131
67,4513 W 185th St,Shawnee,Ks,66218
68,2515 Edgemont,Johnston,IA,50131
69,4513 W 185th St,Shawnee,KS,66218
70,1306 Gibson Ave,Cedar Rapids,IA,52405
71,2910 NW Southpark Dr,Ankeny,IA,50023
72,9711 Pioneer Trl,Glen Burnie,MD,21060
